"","Open_Field_Tackle_IND","Expected","Actual","Opportunities","Difference"
"1",0,444.724665917069,647.015838184276,487,202.291172267207
"2",1,1395.40216869936,658.927884088572,2078,-736.47428461079
